<?xml version="1.0" encoding="UTF-8" standalone="yes"?>
<addon id="repository.instant" name="Instant Repo" version="1.1" provider-name="Team Instant">
	<extension point="xbmc.addon.repository" name="Team Instant">
		<dir>
			<info compressed="false">https://raw.githubusercontent.com/totalrevolution/python-koding/master/zips/addons.xml</info>
			<checksum>https://raw.githubusercontent.com/totalrevolution/python-koding/master/zips/addons.xml.md5</checksum>
			<datadir zip="true">https://raw.githubusercontent.com/totalrevolution/python-koding/master/zips/</datadir>
		</dir>
		<info compressed="false">https://raw.githubusercontent.com/instantland/repository.instant/master/zips/addons.xml</info>
		<checksum>https://raw.githubusercontent.com/instantland/repository.instant/master/zips/addons.xml.md5</checksum>
		<datadir zip="true">https://raw.githubusercontent.com/instantland/repository.instant/master/zips/</datadir>
	</extension>
	<extension point="xbmc.addon.metadata">
		<summary lang="en">Team Instant</summary>
		<description lang="en">Team Instant</description>
		<genre></genre>
	</extension>
</addon>